tld,NumberNSrecords,UniqueARecs,UniqueAAAArecs,AnycastPrefixesArecs,totalAnycastSitesIPv4,totalAnycastSitesIPv4Slash24,totalUnicastIPv4
aramco.,6,6,6,6,65,65,0
xn--55qw42g.,5,5,5,0,0,0,5
xn--mgbt3dhd.,4,4,4,4,61,61,0
nissay.,4,4,4,4,22,22,0
party.,6,6,6,6,69,69,0
cm.,6,6,6,0,0,0,6
casino.,4,4,4,4,34,34,0
ooo.,4,4,4,4,22,22,0
xn--fiq64b.,9,9,9,2,9,6,6
liaison.,4,4,4,4,22,22,0
casa.,8,8,8,8,50,50,0
pid.,4,4,4,4,29,29,0
kosher.,4,4,4,4,35,35,0
sucks.,4,4,4,4,34,34,0
asia.,6,6,6,6,46,46,0
save.,6,6,6,6,69,69,0
today.,4,4,4,4,34,34,0
bms.,4,4,4,4,22,22,0
trv.,4,4,4,4,31,31,0
porn.,6,6,6,6,47,47,0
lundbeck.,4,4,4,4,22,22,0
durban.,3,3,3,1,24,24,2
au.,8,8,8,6,40,40,2
imamat.,4,4,4,4,33,33,0
accountants.,4,4,4,4,34,34,0
lamer.,4,4,4,4,35,35,0
seven.,4,4,4,4,34,34,0
vote.,4,4,4,4,33,33,0
ong.,6,6,6,6,47,47,0
aig.,6,6,6,6,65,65,0
bbva.,4,4,4,4,22,22,0
me.,5,5,5,5,40,40,0
gallup.,4,4,4,4,33,33,0
gl.,4,4,4,3,49,49,1
gold.,4,4,4,4,34,34,0
bugatti.,4,4,4,4,36,36,0
aarp.,4,4,4,4,22,22,0
report.,4,4,4,4,34,34,0
sj.,3,3,3,0,0,0,3
rest.,4,4,4,4,29,29,0
vig.,4,4,4,4,34,34,0
landrover.,4,4,4,4,22,22,0
asda.,4,4,4,4,22,22,0
courses.,4,4,4,4,34,34,0
rugby.,4,4,4,4,29,29,0
yandex.,6,6,6,6,65,65,0
glass.,4,4,4,4,34,34,0
extraspace.,4,4,4,4,32,32,0
wedding.,8,8,8,8,50,50,0
mcdonalds.,6,6,6,6,65,65,0
ne.,4,4,4,0,0,0,4
seek.,4,4,4,4,34,34,0
microsoft.,4,4,4,4,22,22,0
mls.,4,4,4,4,22,22,0
company.,4,4,4,4,34,34,0
equipment.,4,4,4,4,34,34,0
jm.,5,5,5,0,0,0,5
yodobashi.,4,4,4,4,34,34,0
clinique.,4,4,4,4,35,35,0
ni.,7,7,7,0,0,0,7
kg.,2,2,2,0,0,0,2
cymru.,8,8,8,8,50,50,0
iveco.,4,4,4,4,37,37,0
movie.,4,4,4,4,34,34,0
allstate.,4,4,4,4,34,34,0
er.,3,3,3,0,0,0,3
tn.,6,6,6,1,35,35,5
kpmg.,6,6,6,6,65,65,0
forum.,4,4,4,4,29,29,0
academy.,4,4,4,4,34,34,0
br.,6,6,6,4,16,16,2
xn--90ais.,7,7,7,0,0,0,7
off.,4,4,4,4,22,22,0
abbott.,4,4,4,4,35,35,0
bbc.,8,8,8,8,50,50,0
starhub.,4,4,4,4,34,34,0
supply.,4,4,4,4,34,34,0
raid.,4,4,4,4,22,22,0
cal.,5,5,5,5,26,26,0
tel.,8,8,8,7,93,93,1
jewelry.,4,4,4,4,34,34,0
la.,4,4,4,2,30,15,0
goldpoint.,4,4,4,4,34,34,0
xn--9et52u.,9,9,9,2,9,6,6
lgbt.,4,4,4,4,35,35,0
vc.,6,6,6,6,47,47,0
leclerc.,3,3,3,2,62,62,1
ibm.,4,4,4,4,34,34,0
sapo.,4,4,4,1,10,5,2
voyage.,4,4,4,4,34,34,0
buzz.,6,6,6,6,65,65,0
win.,6,6,6,6,65,65,0
xn--ygbi2ammx.,4,4,4,0,0,0,4
airforce.,4,4,4,4,34,34,0
northwesternmutual.,6,6,6,6,65,65,0
food.,4,4,4,4,22,22,0
cz.,4,4,4,2,8,8,2
ua.,5,5,5,4,67,67,1
aaa.,6,6,6,6,65,65,0
plumbing.,4,4,4,4,34,34,0
juegos.,5,5,5,5,28,28,0
school.,4,4,4,4,34,34,0
xn--80asehdb.,4,4,4,2,18,9,0
creditcard.,4,4,4,4,34,34,0
mtn.,4,4,4,4,34,34,0
mx.,6,6,6,4,52,52,2
mitsubishi.,4,4,4,4,34,34,0
lupin.,4,4,4,4,22,22,0
zw.,4,4,4,0,0,0,4
loft.,6,6,6,6,65,65,0
srl.,4,4,4,4,35,35,0
winners.,6,6,6,6,65,65,0
college.,4,4,4,4,29,29,0
net.,13,13,13,13,98,98,0
xn--80ao21a.,2,2,2,0,0,0,2
boots.,4,4,4,4,34,34,0
xn--mgba3a4f16a.,2,2,2,0,0,0,2
android.,5,5,5,5,26,26,0
suzuki.,4,4,4,4,34,34,0
wtc.,4,4,4,4,34,34,0
shriram.,4,4,4,4,34,34,0
gent.,4,4,4,1,10,5,2
cl.,6,6,6,6,76,76,0
neustar.,6,6,6,6,69,69,0
im.,4,4,4,0,0,0,4
politie.,5,5,5,0,0,0,5
sony.,4,4,4,4,34,34,0
bingo.,4,4,4,4,34,34,0
vet.,4,4,4,4,34,34,0
fishing.,8,8,8,8,50,50,0
genting.,4,4,4,4,22,22,0
at.,8,8,8,4,41,41,4
day.,5,5,5,5,26,26,0
is.,6,6,6,3,63,63,3
mv.,3,3,3,1,35,35,2
stada.,4,4,4,4,35,35,0
md.,6,6,6,0,0,0,6
xn--clchc0ea0b2g2a9gcd.,5,5,5,3,62,62,2
diy.,4,4,4,4,22,22,0
skin.,4,4,4,4,22,22,0
dubai.,4,4,4,4,34,34,0
kiwi.,2,2,2,2,9,9,0
xn--80adxhks.,4,4,4,2,9,9,2
hangout.,5,5,5,5,26,26,0
mw.,5,5,5,0,0,0,5
xn--mgbai9azgqp6j.,3,3,3,0,0,0,3
sm.,4,4,4,1,37,37,3
camera.,4,4,4,4,34,34,0
watches.,6,6,6,6,69,69,0
caravan.,6,6,6,6,65,65,0
homesense.,6,6,6,6,65,65,0
intel.,6,6,6,6,65,65,0
gy.,6,6,6,2,39,39,4
qvc.,6,6,6,6,65,65,0
everbank.,6,6,6,6,65,65,0
xn--tckwe.,4,4,4,4,22,22,0
tdk.,6,6,6,6,65,65,0
hermes.,4,4,4,4,35,35,0
barclays.,4,4,4,4,34,34,0
swiftcover.,6,6,6,6,65,65,0
ruhr.,4,4,4,2,18,9,0
latrobe.,4,4,4,4,34,34,0
nz.,7,7,7,3,32,32,4
iwc.,6,6,6,6,65,65,0
feedback.,4,4,4,4,29,29,0
creditunion.,4,4,4,4,33,33,0
channel.,5,5,5,5,26,26,0
oracle.,4,4,4,4,22,22,0
dog.,4,4,4,4,34,34,0
hitachi.,4,4,4,4,34,34,0
zero.,6,6,6,6,65,65,0
mma.,3,3,3,2,62,62,1
corsica.,3,3,3,2,62,62,1
to.,5,5,5,0,0,0,5
fitness.,4,4,4,4,34,34,0
woodside.,4,4,4,4,34,34,0
alfaromeo.,4,4,4,4,33,33,0
hsbc.,6,6,6,6,65,65,0
rogers.,4,4,4,4,33,33,0
xn--lgbbat1ad8j.,2,2,2,0,0,0,2
wanggou.,6,6,6,6,65,65,0
ericsson.,4,4,4,4,22,22,0
circle.,6,6,6,6,65,65,0
gg.,5,5,5,2,59,59,3
do.,8,8,8,1,4,4,7
juniper.,4,4,4,4,22,22,0
tattoo.,4,4,4,4,23,23,0
pics.,4,4,4,4,23,23,0
ollo.,4,4,4,4,35,35,0
cam.,4,4,4,2,96,48,0
xn--c2br7g.,4,4,4,4,22,22,0
teva.,6,6,6,6,65,65,0
sarl.,4,4,4,4,34,34,0
fast.,6,6,6,6,65,65,0
lb.,4,4,4,0,0,0,4
vg.,4,4,4,3,49,49,1
analytics.,6,6,6,6,65,65,0
sakura.,4,4,4,1,8,4,2
xn--gecrj9c.,8,8,8,6,46,46,2
xn--mgbab2bd.,4,4,4,2,18,9,0
gives.,4,4,4,4,34,34,0
gucci.,6,6,6,6,65,65,0
museum.,5,5,5,3,13,13,2
gbiz.,5,5,5,5,26,26,0
versicherung.,3,3,3,2,10,10,1
bauhaus.,4,4,4,2,18,9,0
condos.,4,4,4,4,34,34,0
xbox.,4,4,4,4,22,22,0
delivery.,4,4,4,4,34,34,0
nra.,4,4,4,4,35,35,0
homedepot.,4,4,4,4,35,35,0
calvinklein.,6,6,6,6,65,65,0
green.,4,4,4,4,35,35,0
playstation.,4,4,4,4,34,34,0
anz.,4,4,4,4,34,34,0
run.,4,4,4,4,34,34,0
bom.,6,6,6,4,16,16,2
lipsy.,4,4,4,4,22,22,0
pk.,4,4,4,0,0,0,4
sew.,4,4,4,4,35,35,0
marketing.,4,4,4,4,34,34,0
sky.,4,4,4,4,22,22,0
xn--90ae.,6,6,6,2,39,39,4
men.,4,4,4,4,34,34,0
hr.,3,3,3,2,39,39,1
new.,5,5,5,5,26,26,0
om.,6,6,6,4,34,34,2
cfa.,4,4,4,4,22,22,0
vivo.,6,6,6,6,69,69,0
insurance.,4,4,4,4,22,22,0
afamilycompany.,4,4,4,4,22,22,0
solutions.,4,4,4,4,34,34,0
il.,9,9,9,3,35,35,6
estate.,4,4,4,4,34,34,0
xn--4gbrim.,4,4,4,4,33,33,0
athleta.,6,6,6,6,65,65,0
lighting.,4,4,4,4,34,34,0
shiksha.,4,4,4,4,35,35,0
co.,6,6,6,6,55,55,0
financial.,4,4,4,4,34,34,0
zone.,4,4,4,4,34,34,0
nu.,3,3,3,2,28,28,1
partners.,4,4,4,4,34,34,0
aquarelle.,3,3,3,2,62,62,1
shouji.,4,4,4,3,9,9,1
loans.,4,4,4,4,34,34,0
discover.,6,6,6,6,65,65,0
pet.,4,4,4,4,32,32,0
ir.,4,4,4,0,0,0,4
scor.,4,4,4,4,34,34,0
phone.,4,4,4,4,35,35,0
xn--3e0b707e.,6,6,6,0,0,0,6
mu.,4,4,4,2,40,40,2
rexroth.,4,4,4,4,22,22,0
berlin.,3,3,3,2,10,10,1
mc.,3,3,3,0,0,0,3
sfr.,4,4,4,1,10,5,2
blanco.,4,4,4,4,22,22,0
money.,4,4,4,4,34,34,0
deal.,6,6,6,6,65,65,0
republican.,4,4,4,4,34,34,0
statoil.,4,4,4,4,22,22,0
movistar.,4,4,4,2,18,9,0
dot.,4,4,4,4,34,34,0
voting.,3,3,3,2,10,10,1
cooking.,8,8,8,8,50,50,0
wf.,5,5,5,3,66,66,2
onyourside.,4,4,4,4,22,22,0
.,13,13,13,11,255,255,2
dell.,6,6,6,6,65,65,0
sl.,2,2,2,0,0,0,2
ai.,3,3,3,0,0,0,3
sncf.,3,3,3,2,62,62,1
fido.,4,4,4,4,33,33,0
gn.,4,4,4,0,0,0,4
poker.,4,4,4,4,33,33,0
kinder.,6,6,6,6,65,65,0
kw.,6,6,6,1,4,4,5
mint.,6,6,6,6,65,65,0
church.,4,4,4,4,34,34,0
bing.,4,4,4,4,22,22,0
fr.,5,5,5,3,66,66,2
passagens.,6,6,6,6,65,65,0
xn--mgba3a3ejt.,6,6,6,6,65,65,0
comsec.,4,4,4,4,22,22,0
faith.,6,6,6,6,65,65,0
yamaxun.,6,6,6,6,65,65,0
pub.,4,4,4,4,34,34,0
futbol.,4,4,4,4,34,34,0
ki.,4,4,4,4,70,70,0
bestbuy.,4,4,4,4,34,34,0
xn--p1ai.,5,5,5,0,0,0,5
guge.,5,5,5,5,26,26,0
meet.,5,5,5,5,26,26,0
basketball.,4,4,4,4,29,29,0
dad.,5,5,5,5,26,26,0
camp.,4,4,4,4,34,34,0
banamex.,6,6,6,6,65,65,0
tjmaxx.,6,6,6,6,65,65,0
th.,6,6,6,1,22,22,5
coach.,4,4,4,4,34,34,0
expert.,4,4,4,4,34,34,0
uno.,6,6,6,6,65,65,0
tz.,7,7,7,3,43,43,4
xn--30rr7y.,9,9,9,2,9,6,6
xn--nqv7fs00ema.,4,4,4,4,35,35,0
xn--qcka1pmc.,5,5,5,5,26,26,0
paris.,4,4,4,3,68,68,1
yahoo.,6,6,6,6,65,65,0
yun.,4,4,4,3,9,9,1
cool.,4,4,4,4,34,34,0
pamperedchef.,6,6,6,6,65,65,0
gov.,4,4,4,2,10,10,2
chintai.,6,6,6,6,65,65,0
band.,4,4,4,4,34,34,0
lc.,6,6,6,6,47,47,0
recipes.,4,4,4,4,34,34,0
office.,6,6,6,6,65,65,0
ninja.,4,4,4,4,34,34,0
ye.,4,4,4,0,0,0,4
nhk.,4,4,4,4,34,34,0
arpa.,12,12,12,10,219,219,2
xn--j6w193g.,8,8,8,2,59,59,6
country.,4,4,4,4,63,63,0
prudential.,6,6,6,6,65,65,0
xn--czr694b.,9,9,9,2,9,6,6
bn.,4,4,4,2,57,57,2
promo.,4,4,4,4,33,33,0
moi.,6,6,6,6,65,65,0
stcgroup.,4,4,4,4,29,29,0
pl.,8,8,8,2,32,32,6
showtime.,4,4,4,4,36,36,0
meo.,4,4,4,1,10,5,2
gmx.,4,4,4,2,18,9,0
ferrari.,4,4,4,4,33,33,0
symantec.,4,4,4,4,22,22,0
origins.,4,4,4,4,35,35,0
ricoh.,4,4,4,4,34,34,0
club.,6,6,6,6,65,65,0
cu.,6,6,6,0,0,0,6
ril.,4,4,4,4,34,34,0
firestone.,4,4,4,4,34,34,0
wang.,9,9,9,2,9,6,6
americanfamily.,4,4,4,4,22,22,0
biz.,6,6,6,6,52,52,0
total.,3,3,3,2,62,62,1
cn.,6,6,6,4,17,17,2
fo.,4,4,4,1,35,35,3
navy.,4,4,4,4,34,34,0
university.,4,4,4,4,34,34,0
info.,6,6,6,6,45,45,0
healthcare.,4,4,4,4,34,34,0
gripe.,4,4,4,4,34,34,0
clinic.,4,4,4,4,34,34,0
tci.,4,4,4,4,61,61,0
nikon.,4,4,4,4,22,22,0
photography.,4,4,4,4,34,34,0
xn--flw351e.,5,5,5,5,26,26,0
az.,3,3,3,1,6,6,2
mtr.,4,4,4,0,0,0,4
grainger.,6,6,6,6,65,65,0
alstom.,4,4,4,2,18,9,0
systems.,4,4,4,4,34,34,0
bid.,6,6,6,6,65,65,0
iq.,5,5,5,4,57,57,1
mt.,6,6,6,2,39,39,4
xn--mgbpl2fh.,2,2,2,1,35,35,1
aetna.,6,6,6,6,65,65,0
build.,4,4,4,4,34,34,0
consulting.,4,4,4,4,34,34,0
zippo.,6,6,6,6,65,65,0
cipriani.,4,4,4,4,33,33,0
de.,6,6,6,3,31,31,3
mango.,4,4,4,2,18,9,0
java.,4,4,4,4,22,22,0
so.,2,2,2,1,35,35,1
philips.,4,4,4,4,34,34,0
pay.,6,6,6,6,69,69,0
lol.,4,4,4,4,23,23,0
akdn.,4,4,4,4,33,33,0
rehab.,4,4,4,4,34,34,0
bloomberg.,4,4,4,4,22,22,0
joburg.,3,3,3,1,24,24,2
pizza.,4,4,4,4,34,34,0
photos.,4,4,4,4,34,34,0
makeup.,4,4,4,4,22,22,0
brother.,4,4,4,4,34,34,0
xn--estv75g.,4,4,4,4,36,36,0
xn--mk1bu44c.,4,4,4,4,22,22,0
song.,6,6,6,6,65,65,0
pwc.,4,4,4,4,35,35,0
volkswagen.,4,4,4,4,36,36,0
bnl.,4,4,4,4,35,35,0
eurovision.,4,4,4,2,18,9,0
duns.,6,6,6,6,65,65,0
express.,4,4,4,4,34,34,0
virgin.,4,4,4,4,34,34,0
xn--l1acc.,3,3,3,0,0,0,3
xn--kpu716f.,6,6,6,6,65,65,0
kh.,4,4,4,0,0,0,4
xn--fiqz9s.,5,5,5,4,12,12,1
aco.,4,4,4,4,33,33,0
crown.,4,4,4,4,22,22,0
reisen.,4,4,4,4,34,34,0
bnpparibas.,4,4,4,4,35,35,0
lpl.,4,4,4,1,10,5,2
tech.,4,4,4,4,29,29,0
reviews.,4,4,4,4,34,34,0
pictures.,4,4,4,4,34,34,0
lr.,3,3,3,0,0,0,3
spiegel.,4,4,4,2,96,48,0
xn--g2xx48c.,6,6,6,6,69,69,0
gu.,4,4,4,0,0,0,4
jmp.,6,6,6,6,65,65,0
lexus.,4,4,4,4,34,34,0
cloud.,4,4,4,4,34,34,0
ro.,6,6,6,1,4,4,5
prime.,6,6,6,6,65,65,0
auto.,4,4,4,4,23,23,0
theater.,4,4,4,4,34,34,0
ski.,4,4,4,4,35,35,0
mil.,6,6,6,0,0,0,6
xihuan.,4,4,4,3,9,9,1
best.,6,6,6,6,65,65,0
piaget.,6,6,6,6,65,65,0
ve.,7,7,7,1,4,4,6
scjohnson.,4,4,4,4,22,22,0
software.,4,4,4,4,34,34,0
group.,4,4,4,4,34,34,0
rodeo.,8,8,8,8,50,50,0
koeln.,4,4,4,2,18,9,0
hair.,4,4,4,4,22,22,0
kpn.,4,4,4,1,10,5,2
weir.,4,4,4,4,22,22,0
metlife.,4,4,4,4,35,35,0
infiniti.,4,4,4,4,34,34,0
bo.,4,4,4,1,35,35,3
health.,6,6,6,6,65,65,0
target.,6,6,6,6,65,65,0
taipei.,6,6,6,6,65,65,0
apartments.,4,4,4,4,34,34,0
tatamotors.,4,4,4,4,22,22,0
ht.,5,5,5,3,50,50,2
tvs.,4,4,4,4,34,34,0
tickets.,4,4,4,4,29,29,0
rent.,4,4,4,4,29,29,0
pm.,5,5,5,3,66,66,2
xn--w4r85el8fhu5dnra.,4,4,4,4,22,22,0
jnj.,6,6,6,6,65,65,0
enterprises.,4,4,4,4,34,34,0
here.,5,5,5,5,26,26,0
management.,4,4,4,4,34,34,0
hughes.,4,4,4,4,33,33,0
case.,4,4,4,4,37,37,0
beer.,8,8,8,8,50,50,0
rio.,6,6,6,4,16,16,2
skype.,6,6,6,6,65,65,0
review.,6,6,6,6,69,69,0
hyatt.,6,6,6,6,65,65,0
ca.,4,4,4,4,54,54,0
christmas.,4,4,4,4,23,23,0
uz.,7,7,7,0,0,0,7
zappos.,6,6,6,6,65,65,0
chloe.,6,6,6,6,65,65,0
film.,4,4,4,4,34,34,0
xyz.,4,4,4,4,29,29,0
locker.,4,4,4,4,35,35,0
americanexpress.,6,6,6,6,65,65,0
htc.,6,6,6,6,65,65,0
sn.,5,5,5,0,0,0,5
ao.,6,6,6,0,0,0,6
jaguar.,4,4,4,4,22,22,0
bcg.,4,4,4,4,34,34,0
clothing.,4,4,4,4,34,34,0
ma.,7,7,7,1,4,4,6
nec.,4,4,4,4,34,34,0
tjx.,6,6,6,6,65,65,0
natura.,4,4,4,4,35,35,0
bmw.,4,4,4,2,96,48,0
pioneer.,4,4,4,4,34,34,0
dev.,5,5,5,5,26,26,0
baseball.,6,6,6,6,65,65,0
africa.,3,3,3,1,24,24,2
gh.,4,4,4,0,0,0,4
ifm.,4,4,4,2,18,9,0
ky.,4,4,4,4,23,23,0
commbank.,4,4,4,4,34,34,0
forex.,4,4,4,4,22,22,0
redumbrella.,4,4,4,4,31,31,0
emerck.,4,4,4,4,35,35,0
secure.,6,6,6,6,69,69,0
pin.,6,6,6,6,69,69,0
xn--mgbb9fbpob.,6,6,6,6,69,69,0
productions.,4,4,4,4,34,34,0
avianca.,4,4,4,4,35,35,0
taobao.,6,6,6,6,65,65,0
no.,6,6,6,3,42,42,3
fish.,4,4,4,4,34,34,0
tj.,4,4,4,0,0,0,4
pharmacy.,6,6,6,6,65,65,0
mom.,4,4,4,4,23,23,0
itau.,6,6,6,6,65,65,0
weather.,6,6,6,6,65,65,0
lancaster.,3,3,3,2,62,62,1
nba.,6,6,6,6,65,65,0
attorney.,4,4,4,4,34,34,0
eg.,3,3,3,0,0,0,3
ls.,5,5,5,1,35,35,4
ses.,4,4,4,4,22,22,0
physio.,4,4,4,4,34,34,0
ltda.,4,4,4,4,32,32,0
pnc.,4,4,4,4,35,35,0
education.,4,4,4,4,34,34,0
gt.,4,4,4,2,39,39,2
macys.,4,4,4,4,22,22,0
saxo.,4,4,4,4,34,34,0
epost.,4,4,4,1,10,5,2
xn--b4w605ferd.,4,4,4,4,35,35,0
dj.,2,2,2,0,0,0,2
got.,6,6,6,6,65,65,0
xn--cck2b3b.,6,6,6,6,65,65,0
car.,4,4,4,4,23,23,0
mopar.,4,4,4,4,33,33,0
tushu.,6,6,6,6,65,65,0
statefarm.,6,6,6,6,65,65,0
careers.,4,4,4,4,34,34,0
gap.,6,6,6,6,65,65,0
fire.,6,6,6,6,65,65,0
jlc.,6,6,6,6,65,65,0
viajes.,4,4,4,4,34,34,0
show.,4,4,4,4,34,34,0
protection.,4,4,4,4,29,29,0
xn--fpcrj9c3d.,8,8,8,6,46,46,2
ke.,5,5,5,2,45,45,3
shaw.,4,4,4,4,35,35,0
hu.,7,7,7,2,28,28,5
scb.,4,4,4,1,22,22,3
pn.,4,4,4,1,4,4,3
org.,6,6,6,6,47,47,0
surgery.,4,4,4,4,34,34,0
apple.,4,4,4,4,34,34,0
xn--y9a3aq.,6,6,6,3,61,61,3
za.,5,5,5,3,63,63,2
wed.,4,4,4,4,61,61,0
schule.,4,4,4,4,34,34,0
fm.,6,6,6,6,69,69,0
uk.,8,8,8,8,50,50,0
allfinanz.,4,4,4,2,96,48,0
earth.,6,6,6,6,65,65,0
xn--fzc2c9e2c.,8,8,8,2,57,57,6
page.,5,5,5,5,26,26,0
volvo.,4,4,4,4,22,22,0
intuit.,6,6,6,6,65,65,0
menu.,4,4,4,4,34,34,0
xn--fzys8d69uvgm.,4,4,4,4,36,36,0
cancerresearch.,4,4,4,4,34,34,0
ink.,4,4,4,4,29,29,0
budapest.,8,8,8,8,50,50,0
bet.,4,4,4,4,35,35,0
uy.,8,8,8,2,8,8,6
law.,8,8,8,8,50,50,0
xn--efvy88h.,9,9,9,2,9,6,6
exposed.,4,4,4,4,34,34,0
xn--9dbq2a.,4,4,4,4,22,22,0
mcd.,6,6,6,6,65,65,0
capitalone.,4,4,4,4,22,22,0
mr.,4,4,4,0,0,0,4
xn--42c2d9a.,4,4,4,4,22,22,0
ax.,3,3,3,0,0,0,3
gdn.,3,3,3,2,10,10,1
sa.,7,7,7,1,35,35,6
pr.,5,5,5,1,35,35,4
ren.,9,9,9,2,9,6,6
hamburg.,3,3,3,2,10,10,1
netbank.,4,4,4,4,34,34,0
science.,6,6,6,6,69,69,0
auction.,4,4,4,4,34,34,0
army.,4,4,4,4,34,34,0
ge.,4,4,4,1,6,6,3
lds.,4,4,4,4,35,35,0
baidu.,5,5,5,4,9,9,1
media.,4,4,4,4,34,34,0
xn--i1b6b1a6a2e.,4,4,4,4,35,35,0
wolterskluwer.,4,4,4,4,34,34,0
samsclub.,4,4,4,4,22,22,0
boston.,8,8,8,8,50,50,0
trade.,6,6,6,6,65,65,0
tk.,4,4,4,4,24,24,0
space.,4,4,4,4,29,29,0
nl.,8,8,8,2,28,28,6
onl.,4,4,4,4,37,37,0
nagoya.,6,6,6,6,48,48,0
next.,4,4,4,4,22,22,0
press.,4,4,4,4,29,29,0
coupon.,6,6,6,6,65,65,0
fage.,4,4,4,4,35,35,0
com.,13,13,13,13,98,98,0
hosting.,4,4,4,4,23,23,0
xn--w4rs40l.,4,4,4,4,22,22,0
guardian.,4,4,4,4,22,22,0
furniture.,4,4,4,4,34,34,0
vu.,5,5,5,0,0,0,5
gw.,3,3,3,1,4,4,2
cafe.,4,4,4,4,34,34,0
dk.,6,6,6,2,42,42,4
man.,4,4,4,2,18,9,0
date.,6,6,6,6,65,65,0
moscow.,4,4,4,2,9,9,2
pohl.,4,4,4,2,96,48,0
maserati.,4,4,4,4,33,33,0
gi.,6,6,6,6,47,47,0
industries.,4,4,4,4,34,34,0
datsun.,4,4,4,4,34,34,0
gratis.,4,4,4,4,34,34,0
dds.,8,8,8,8,50,50,0
wien.,4,4,4,2,18,18,2
site.,4,4,4,4,29,29,0
able.,6,6,6,6,65,65,0
xn--mgbbh1a71e.,8,8,8,6,46,46,2
fail.,4,4,4,4,34,34,0
ikano.,3,3,3,2,10,10,1
xn--s9brj9c.,8,8,8,6,46,46,2
singles.,4,4,4,4,34,34,0
bm.,6,6,6,6,47,47,0
observer.,4,4,4,4,29,29,0
xn--io0a7i.,5,5,5,4,13,13,1
samsung.,6,6,6,0,0,0,6
shop.,6,6,6,6,48,48,0
barclaycard.,4,4,4,4,34,34,0
games.,4,4,4,4,34,34,0
madrid.,4,4,4,2,18,9,0
pru.,6,6,6,6,65,65,0
ladbrokes.,4,4,4,4,22,22,0
prof.,5,5,5,5,26,26,0
dating.,4,4,4,4,34,34,0
zara.,4,4,4,4,35,35,0
xn--1qqw23a.,5,5,5,4,9,9,1
richardli.,4,4,4,4,37,37,0
cartier.,6,6,6,6,65,65,0
marriott.,4,4,4,4,33,33,0
sandvikcoromant.,4,4,4,4,34,34,0
legal.,4,4,4,4,34,34,0
life.,4,4,4,4,34,34,0
care.,4,4,4,4,34,34,0
art.,4,4,4,4,29,29,0
walmart.,4,4,4,4,22,22,0
sbs.,4,4,4,4,22,22,0
cars.,4,4,4,4,23,23,0
drive.,5,5,5,5,26,26,0
tips.,4,4,4,4,34,34,0
schmidt.,4,4,4,4,34,34,0
wtf.,4,4,4,4,34,34,0
adac.,4,4,4,1,10,5,2
download.,6,6,6,6,65,65,0
wales.,8,8,8,8,50,50,0
uol.,6,6,6,4,16,16,2
yt.,5,5,5,3,66,66,2
glade.,4,4,4,4,22,22,0
mortgage.,4,4,4,4,34,34,0
cc.,4,4,4,4,22,22,0
limited.,4,4,4,4,34,34,0
goodyear.,4,4,4,4,37,37,0
farmers.,6,6,6,6,65,65,0
pink.,4,4,4,4,36,36,0
audible.,6,6,6,6,65,65,0
mq.,3,3,3,0,0,0,3
xn--45brj9c.,8,8,8,6,46,46,2
events.,4,4,4,4,34,34,0
xn--5tzm5g.,4,4,4,4,32,32,0
pars.,4,4,4,4,61,61,0
caseih.,4,4,4,4,37,37,0
cityeats.,4,4,4,4,22,22,0
ovh.,3,3,3,2,62,62,1
buy.,6,6,6,6,65,65,0
cisco.,6,6,6,6,65,65,0
xn--imr513n.,9,9,9,2,9,6,6
xn--ngbe9e0a.,4,4,4,4,29,29,0
whoswho.,6,6,6,6,65,65,0
ott.,4,4,4,4,34,34,0
graphics.,4,4,4,4,34,34,0
xn--eckvdtc9d.,6,6,6,6,69,69,0
pa.,7,7,7,1,4,4,6
ps.,6,6,6,1,35,35,5
am.,6,6,6,3,61,61,3
mo.,7,7,7,1,22,22,6
hdfcbank.,4,4,4,4,34,34,0
xn--3pxu8k.,4,4,4,4,22,22,0
style.,4,4,4,4,34,34,0
azure.,4,4,4,4,22,22,0
sling.,4,4,4,4,33,33,0
monash.,4,4,4,4,34,34,0
football.,4,4,4,4,34,34,0
dnp.,4,4,4,4,34,34,0
kddi.,4,4,4,4,34,34,0
directory.,4,4,4,4,34,34,0
guide.,4,4,4,4,34,34,0
tax.,4,4,4,4,34,34,0
photo.,4,4,4,4,23,23,0
xn--vhquv.,4,4,4,4,34,34,0
ngo.,6,6,6,6,47,47,0
xn--wgbl6a.,7,7,7,3,54,54,4
gd.,4,4,4,3,49,49,1
boats.,4,4,4,4,33,33,0
lefrak.,4,4,4,4,22,22,0
career.,4,4,4,4,22,22,0
sener.,4,4,4,4,22,22,0
shangrila.,4,4,4,4,22,22,0
irish.,4,4,4,4,34,34,0
td.,3,3,3,0,0,0,3
credit.,4,4,4,4,34,34,0
fidelity.,4,4,4,4,22,22,0
xn--ngbc5azd.,4,4,4,4,34,34,0
gifts.,4,4,4,4,34,34,0
vista.,4,4,4,4,34,34,0
london.,8,8,8,8,50,50,0
wiki.,4,4,4,4,29,29,0
cba.,4,4,4,4,34,34,0
sr.,2,2,2,0,0,0,2
ac.,7,7,7,4,58,58,3
dz.,6,6,6,1,35,35,5
xn--e1a4c.,7,7,7,3,38,38,4
sydney.,4,4,4,4,34,34,0
cab.,4,4,4,4,34,34,0
tv.,4,4,4,4,22,22,0
sx.,3,3,3,0,0,0,3
ismaili.,4,4,4,4,33,33,0
google.,5,5,5,5,26,26,0
fi.,9,9,9,5,94,94,4
coupons.,4,4,4,4,34,34,0
community.,4,4,4,4,34,34,0
free.,6,6,6,6,65,65,0
esq.,5,5,5,5,26,26,0
xn--jvr189m.,6,6,6,6,69,69,0
rentals.,4,4,4,4,34,34,0
xn--cg4bki.,6,6,6,0,0,0,6
training.,4,4,4,4,34,34,0
catholic.,4,4,4,4,34,34,0
chat.,4,4,4,4,34,34,0
sanofi.,4,4,4,4,22,22,0
flir.,6,6,6,6,65,65,0
fresenius.,4,4,4,2,96,48,0
international.,4,4,4,4,34,34,0
you.,6,6,6,6,69,69,0
bj.,5,5,5,0,0,0,5
amfam.,4,4,4,4,22,22,0
organic.,4,4,4,4,33,33,0
services.,4,4,4,4,34,34,0
memorial.,4,4,4,4,34,34,0
land.,4,4,4,4,34,34,0
ubank.,4,4,4,4,22,22,0
star.,4,4,4,4,35,35,0
cat.,7,7,7,4,46,46,3
xn--c1avg.,4,4,4,4,35,35,0
nextdirect.,4,4,4,4,22,22,0
actor.,4,4,4,4,34,34,0
realestate.,4,4,4,4,22,22,0
shell.,4,4,4,4,22,22,0
dish.,4,4,4,4,35,35,0
final.,6,6,6,4,16,16,2
gift.,4,4,4,4,23,23,0
claims.,4,4,4,4,34,34,0
pramerica.,6,6,6,6,65,65,0
tmall.,6,6,6,6,65,65,0
active.,4,4,4,4,34,34,0
catering.,4,4,4,4,34,34,0
website.,4,4,4,4,29,29,0
tatar.,5,5,5,0,0,0,5
call.,6,6,6,6,65,65,0
xn--czru2d.,9,9,9,2,9,6,6
hospital.,4,4,4,4,34,34,0
mutual.,6,6,6,6,65,65,0
mormon.,4,4,4,4,35,35,0
sale.,4,4,4,4,34,34,0
arab.,4,4,4,4,34,34,0
ads.,5,5,5,5,26,26,0
video.,4,4,4,4,34,34,0
vistaprint.,4,4,4,4,34,34,0
storage.,4,4,4,4,29,29,0
globo.,6,6,6,4,16,16,2
mp.,4,4,4,0,0,0,4
accenture.,4,4,4,4,22,22,0
dodge.,4,4,4,4,33,33,0
xn--d1acj3b.,5,5,5,0,0,0,5
ws.,6,6,6,0,0,0,6
yokohama.,6,6,6,6,48,48,0
al.,4,4,4,1,5,5,3
pt.,9,9,9,4,50,50,5
sc.,7,7,7,6,47,47,1
talk.,6,6,6,6,69,69,0
cbn.,6,6,6,6,65,65,0
hiphop.,4,4,4,4,23,23,0
mn.,10,10,10,6,47,47,4
xn--vuq861b.,4,4,4,3,9,9,1
qpon.,6,6,6,6,69,69,0
zm.,4,4,4,1,35,35,3
gmail.,5,5,5,5,26,26,0
supplies.,4,4,4,4,34,34,0
viking.,4,4,4,4,35,35,0
blackfriday.,4,4,4,4,23,23,0
anquan.,4,4,4,3,9,9,1
alsace.,3,3,3,2,62,62,1
solar.,4,4,4,4,34,34,0
kim.,4,4,4,4,36,36,0
redstone.,4,4,4,4,32,32,0
kz.,2,2,2,0,0,0,2
xn--ses554g.,8,8,8,2,9,6,5
xn--d1alf.,4,4,4,1,4,4,3
olayan.,4,4,4,4,34,34,0
miami.,8,8,8,8,50,50,0
villas.,4,4,4,4,34,34,0
contractors.,4,4,4,4,34,34,0
deals.,4,4,4,4,34,34,0
cyou.,4,4,4,4,36,36,0
tires.,4,4,4,4,34,34,0
xn--mgba7c0bbn0a.,4,4,4,4,34,34,0
su.,5,5,5,0,0,0,5
homegoods.,6,6,6,6,65,65,0
xn--zfr164b.,5,5,5,0,0,0,5
plus.,4,4,4,4,34,34,0
toshiba.,4,4,4,4,34,34,0
linde.,4,4,4,4,22,22,0
foundation.,4,4,4,4,34,34,0
travel.,6,6,6,6,55,55,0
desi.,4,4,4,2,96,48,0
montblanc.,6,6,6,6,65,65,0
citic.,9,9,9,2,9,6,6
horse.,8,8,8,8,50,50,0
vuelos.,6,6,6,6,65,65,0
gq.,4,4,4,4,26,26,0
post.,6,6,6,6,45,45,0
flowers.,4,4,4,4,23,23,0
watch.,4,4,4,4,34,34,0
otsuka.,4,4,4,4,34,34,0
social.,4,4,4,4,34,34,0
vi.,4,4,4,1,4,4,3
limo.,4,4,4,4,34,34,0
market.,4,4,4,4,34,34,0
abudhabi.,4,4,4,4,34,34,0
tw.,11,11,11,2,8,8,9
hdfc.,4,4,4,4,35,35,0
online.,4,4,4,4,29,29,0
hisamitsu.,4,4,4,4,34,34,0
toyota.,4,4,4,4,34,34,0
giving.,4,4,4,4,34,34,0
bank.,4,4,4,4,22,22,0
eat.,5,5,5,5,26,26,0
jpmorgan.,6,6,6,6,65,65,0
xn--j1aef.,4,4,4,4,22,22,0
verisign.,4,4,4,4,22,22,0
bosch.,4,4,4,4,22,22,0
sca.,4,4,4,4,22,22,0
autos.,4,4,4,4,32,32,0
prod.,5,5,5,5,26,26,0
gallo.,4,4,4,4,22,22,0
bentley.,8,8,8,8,50,50,0
xn--mgbc0a9azcg.,4,4,4,0,0,0,4
xxx.,6,6,6,6,47,47,0
foo.,5,5,5,5,26,26,0
temasek.,4,4,4,4,35,35,0
goo.,4,4,4,4,34,34,0
rw.,8,8,8,4,53,53,4
lixil.,4,4,4,4,34,34,0
frogans.,3,3,3,2,62,62,1
realty.,4,4,4,4,29,29,0
gmo.,4,4,4,4,34,34,0
lifestyle.,4,4,4,4,22,22,0
bv.,3,3,3,0,0,0,3
soy.,5,5,5,5,26,26,0
iselect.,4,4,4,4,34,34,0
it.,6,6,6,2,27,27,4
lk.,8,8,8,1,35,35,7
scot.,4,4,4,2,18,9,0
honeywell.,6,6,6,6,65,65,0
radio.,4,4,4,2,18,9,0
trading.,4,4,4,4,22,22,0
panasonic.,4,4,4,4,34,34,0
xn--qxam.,4,4,4,0,0,0,4
maison.,4,4,4,4,34,34,0
lat.,3,3,3,1,3,3,2
nc.,4,4,4,1,38,38,3
parts.,4,4,4,4,34,34,0
house.,4,4,4,4,34,34,0
energy.,4,4,4,4,34,34,0
ms.,5,5,5,3,50,50,2
reliance.,4,4,4,4,33,33,0
mm.,4,4,4,0,0,0,4
sb.,4,4,4,4,54,54,0
as.,4,4,4,2,59,59,2
progressive.,4,4,4,4,31,31,0
beats.,4,4,4,4,34,34,0
frl.,4,4,4,1,10,5,2
xn--tiq49xqyj.,4,4,4,4,34,34,0
computer.,4,4,4,4,34,34,0
shopping.,4,4,4,4,34,34,0
blue.,4,4,4,4,36,36,0
gf.,2,2,2,0,0,0,2
bzh.,3,3,3,2,62,62,1
voto.,4,4,4,4,33,33,0
erni.,4,4,4,2,18,9,0
cleaning.,4,4,4,4,34,34,0
trust.,4,4,4,4,34,34,0
amica.,6,6,6,6,65,65,0
silk.,6,6,6,6,65,65,0
black.,4,4,4,4,36,36,0
travelersinsurance.,4,4,4,4,31,31,0
tf.,5,5,5,3,66,66,2
author.,6,6,6,6,65,65,0
hgtv.,4,4,4,4,22,22,0
bostik.,3,3,3,2,62,62,1
lifeinsurance.,6,6,6,6,65,65,0
taxi.,4,4,4,4,34,34,0
family.,4,4,4,4,34,34,0
st.,4,4,4,0,0,0,4
cookingchannel.,4,4,4,4,22,22,0
xn--jlq61u9w7b.,4,4,4,4,33,33,0
xn--ngbrx.,4,4,4,4,34,34,0
itv.,4,4,4,4,35,35,0
property.,4,4,4,4,23,23,0
vision.,4,4,4,4,34,34,0
xn--h2brj9c.,8,8,8,6,46,46,2
zuerich.,4,4,4,2,96,48,0
digital.,4,4,4,4,34,34,0
lasalle.,4,4,4,4,35,35,0
xn--6frz82g.,4,4,4,4,36,36,0
sex.,6,6,6,6,47,47,0
abarth.,4,4,4,4,36,36,0
weber.,4,4,4,4,22,22,0
rsvp.,5,5,5,5,26,26,0
webcam.,6,6,6,6,69,69,0
telefonica.,4,4,4,2,18,9,0
finance.,4,4,4,4,34,34,0
gp.,2,2,2,0,0,0,2
mobile.,4,4,4,4,35,35,0
hot.,6,6,6,6,65,65,0
builders.,4,4,4,4,34,34,0
je.,5,5,5,2,59,59,3
xn--mgbx4cd0ab.,7,7,7,2,26,24,4
vn.,7,7,7,1,22,22,6
gop.,8,8,8,8,50,50,0
tube.,6,6,6,6,69,69,0
hotels.,6,6,6,6,69,69,0
fashion.,8,8,8,8,50,50,0
dealer.,6,6,6,6,65,65,0
bz.,6,6,6,6,47,47,0
arte.,4,4,4,4,22,22,0
bh.,4,4,4,0,0,0,4
diamonds.,4,4,4,4,34,34,0
xn--pbt977c.,6,6,6,6,69,69,0
li.,8,8,8,4,89,87,3
schwarz.,4,4,4,1,10,5,2
security.,6,6,6,6,43,43,0
bond.,4,4,4,4,34,34,0
flights.,4,4,4,4,34,34,0
xn--gk3at1e.,6,6,6,6,69,69,0
sharp.,4,4,4,4,34,34,0
construction.,4,4,4,4,34,34,0
email.,4,4,4,4,34,34,0
lilly.,6,6,6,6,65,65,0
dvag.,4,4,4,2,96,48,0
restaurant.,4,4,4,4,34,34,0
comcast.,8,8,8,8,50,50,0
srt.,4,4,4,4,33,33,0
travelchannel.,4,4,4,4,22,22,0
cr.,7,7,7,2,40,40,5
network.,4,4,4,4,34,34,0
barefoot.,4,4,4,4,22,22,0
ug.,5,5,5,2,39,39,3
cd.,4,4,4,1,35,35,3
booking.,6,6,6,6,65,65,0
cash.,4,4,4,4,34,34,0
cruise.,4,4,4,4,35,35,0
pccw.,4,4,4,4,32,32,0
ieee.,6,6,6,6,65,65,0
bf.,4,4,4,0,0,0,4
ie.,8,8,8,3,48,48,5
rwe.,4,4,4,4,22,22,0
safety.,6,6,6,6,65,65,0
vodka.,8,8,8,8,50,50,0
mba.,4,4,4,4,34,34,0
city.,4,4,4,4,34,34,0
racing.,6,6,6,6,69,69,0
xn--nqv7f.,4,4,4,4,35,35,0
xperia.,4,4,4,4,22,22,0
capetown.,3,3,3,1,24,24,2
bot.,6,6,6,6,65,65,0
sohu.,9,9,9,2,9,6,6
kitchen.,4,4,4,4,34,34,0
vanguard.,4,4,4,4,22,22,0
tiffany.,4,4,4,4,22,22,0
vin.,4,4,4,4,34,34,0
hbo.,6,6,6,6,65,65,0
se.,10,10,10,2,29,29,8
nadex.,4,4,4,4,22,22,0
ar.,7,7,7,2,37,37,5
bar.,4,4,4,4,29,29,0
monster.,4,4,4,4,32,32,0
ing.,5,5,5,5,26,26,0
motorcycles.,4,4,4,4,33,33,0
lanxess.,6,6,6,6,65,65,0
fan.,4,4,4,4,29,29,0
gallery.,4,4,4,4,34,34,0
repair.,4,4,4,4,34,34,0
nr.,4,4,4,1,4,4,3
town.,4,4,4,4,34,34,0
broker.,4,4,4,4,22,22,0
live.,4,4,4,4,34,34,0
xn--mgbayh7gpa.,5,5,5,0,0,0,5
melbourne.,4,4,4,4,34,34,0
ga.,4,4,4,4,26,26,0
edu.,6,6,6,6,34,34,0
fun.,4,4,4,4,29,29,0
jprs.,5,5,5,1,8,4,3
engineer.,4,4,4,4,34,34,0
tkmaxx.,6,6,6,6,65,65,0
ml.,4,4,4,4,26,26,0
doha.,4,4,4,4,34,34,0
xn--80aqecdr1a.,4,4,4,4,34,34,0
marshalls.,6,6,6,6,65,65,0
like.,6,6,6,6,65,65,0
tienda.,4,4,4,4,34,34,0
dance.,4,4,4,4,34,34,0
george.,4,4,4,4,22,22,0
audio.,4,4,4,4,23,23,0
tg.,8,8,8,0,0,0,8
beauty.,4,4,4,4,22,22,0
bs.,4,4,4,2,92,57,1
nico.,4,4,4,4,34,34,0
tiaa.,4,4,4,4,22,22,0
staples.,6,6,6,6,69,69,0
bbt.,4,4,4,4,22,22,0
nab.,4,4,4,4,22,22,0
obi.,4,4,4,4,22,22,0
xn--mix891f.,7,7,7,1,22,22,6
reise.,4,4,4,4,34,34,0
sy.,3,3,3,1,35,35,2
citadel.,6,6,6,6,65,65,0
holiday.,4,4,4,4,34,34,0
amex.,6,6,6,6,65,65,0
rocks.,4,4,4,4,34,34,0
lawyer.,4,4,4,4,34,34,0
kn.,3,3,3,3,49,49,0
theatre.,4,4,4,4,29,29,0
windows.,4,4,4,4,22,22,0
panerai.,6,6,6,6,65,65,0
citi.,6,6,6,6,65,65,0
spreadbetting.,4,4,4,4,22,22,0
alipay.,4,4,4,4,36,36,0
how.,5,5,5,5,26,26,0
gs.,3,3,3,3,50,50,0
jp.,8,8,8,3,17,17,5
xn--wgbh1c.,3,3,3,0,0,0,3
doctor.,4,4,4,4,34,34,0
lotto.,4,4,4,4,36,36,0
read.,6,6,6,6,65,65,0
dtv.,4,4,4,4,35,35,0
duck.,4,4,4,4,22,22,0
tools.,4,4,4,4,34,34,0
fairwinds.,4,4,4,4,22,22,0
boehringer.,4,4,4,4,35,35,0
mini.,4,4,4,2,96,48,0
hotmail.,4,4,4,4,22,22,0
pictet.,4,4,4,4,22,22,0
scholarships.,4,4,4,4,35,35,0
ltd.,4,4,4,4,34,34,0
nrw.,4,4,4,2,18,9,0
qa.,7,7,7,3,54,54,4
salon.,4,4,4,4,34,34,0
bayern.,8,8,8,8,50,50,0
bi.,5,5,5,1,35,35,4
bharti.,4,4,4,4,22,22,0
reit.,4,4,4,4,29,29,0
kuokgroup.,4,4,4,4,22,22,0
krd.,4,4,4,4,34,34,0
xfinity.,8,8,8,8,50,50,0
ee.,5,5,5,2,59,59,3
capital.,4,4,4,4,34,34,0
jot.,6,6,6,6,65,65,0
esurance.,4,4,4,4,34,34,0
stockholm.,4,4,4,4,35,35,0
mattel.,6,6,6,6,65,65,0
xn--kprw13d.,6,6,6,1,3,3,5
tours.,4,4,4,4,34,34,0
jll.,4,4,4,4,35,35,0
jobs.,4,4,4,4,22,22,0
xn--mgbtx2b.,4,4,4,3,53,53,1
xn--5su34j936bgsg.,4,4,4,4,22,22,0
ru.,5,5,5,0,0,0,5
kaufen.,4,4,4,4,34,34,0
cg.,3,3,3,0,0,0,3
blockbuster.,4,4,4,4,34,34,0
dclk.,5,5,5,5,26,26,0
imdb.,6,6,6,6,65,65,0
weatherchannel.,6,6,6,6,65,65,0
istanbul.,4,4,4,4,33,33,0
bg.,6,6,6,1,4,4,5
id.,5,5,5,0,0,0,5
moda.,4,4,4,4,34,34,0
kerryhotels.,4,4,4,4,22,22,0
weibo.,4,4,4,4,35,35,0
yoga.,8,8,8,8,50,50,0
works.,4,4,4,4,34,34,0
ping.,6,6,6,6,69,69,0
airbus.,4,4,4,4,22,22,0
agakhan.,4,4,4,4,33,33,0
med.,4,4,4,4,22,22,0
pro.,6,6,6,6,46,46,0
pe.,4,4,4,3,63,63,1
cricket.,6,6,6,6,65,65,0
hyundai.,4,4,4,4,34,34,0
contact.,4,4,4,4,29,29,0
xn--j1amh.,5,5,5,0,0,0,5
viva.,4,4,4,4,29,29,0
dupont.,6,6,6,6,65,65,0
xn--3bst00m.,9,9,9,2,9,6,6
tirol.,3,3,3,2,10,10,1
pw.,4,4,4,4,29,29,0
sd.,8,8,8,0,0,0,8
aq.,5,5,5,2,14,14,3
cbs.,4,4,4,4,36,36,0
gal.,4,4,4,2,18,9,0
chrome.,5,5,5,5,26,26,0
cuisinella.,4,4,4,4,34,34,0
ci.,7,7,7,0,0,0,7
xn--hxt814e.,9,9,9,2,9,6,6
ggee.,4,4,4,4,34,34,0
newholland.,4,4,4,4,37,37,0
holdings.,4,4,4,4,34,34,0
int.,5,5,5,1,4,4,4
kyoto.,6,6,6,6,48,48,0
barcelona.,4,4,4,2,18,9,0
xn--xhq521b.,5,5,5,4,9,9,1
open.,6,6,6,6,65,65,0
mk.,4,4,4,1,4,4,3
bio.,4,4,4,4,35,35,0
visa.,4,4,4,4,22,22,0
hockey.,4,4,4,4,34,34,0
sina.,4,4,4,4,35,35,0
alibaba.,4,4,4,4,32,32,0
schaeffler.,4,4,4,4,33,33,0
fans.,4,4,4,4,29,29,0
hkt.,4,4,4,4,32,32,0
xn--3oq18vl8pn36a.,4,4,4,4,36,36,0
smile.,6,6,6,6,65,65,0
sv.,6,6,6,0,0,0,6
ag.,6,6,6,6,47,47,0
ferrero.,6,6,6,6,65,65,0
guitars.,4,4,4,4,23,23,0
tunes.,6,6,6,6,65,65,0
icbc.,4,4,4,4,36,36,0
ntt.,4,4,4,1,8,4,2
xn--mgbaam7a8h.,4,4,4,2,41,41,2
forsale.,4,4,4,4,34,34,0
adult.,6,6,6,6,47,47,0
ly.,5,5,5,1,35,35,4
eus.,4,4,4,2,18,9,0
xn--rovu88b.,6,6,6,6,69,69,0
dabur.,4,4,4,4,34,34,0
na.,8,8,8,7,66,66,1
xn--9krt00a.,4,4,4,4,35,35,0
gr.,6,6,6,2,26,26,4
lego.,4,4,4,4,22,22,0
vlaanderen.,5,5,5,1,6,6,4
kindle.,6,6,6,6,65,65,0
bible.,6,6,6,6,69,69,0
xn--xkc2al3hye2a.,8,8,8,2,57,57,6
xn--bck1b9a5dre4c.,6,6,6,6,65,65,0
hiv.,4,4,4,4,23,23,0
tr.,8,8,8,2,16,16,6
xn--o3cw4h.,3,3,3,0,0,0,3
mobi.,6,6,6,6,45,45,0
center.,4,4,4,4,34,34,0
shia.,4,4,4,4,61,61,0
select.,4,4,4,4,34,34,0
xn--6qq986b3xl.,9,9,9,2,9,6,6
farm.,4,4,4,4,34,34,0
markets.,4,4,4,4,22,22,0
goodhands.,4,4,4,4,34,34,0
xn--fiqs8s.,5,5,5,4,12,12,1
properties.,4,4,4,4,34,34,0
ubs.,4,4,4,4,22,22,0
help.,4,4,4,4,23,23,0
agency.,4,4,4,4,34,34,0
cheap.,4,4,4,4,34,34,0
xn--nyqy26a.,6,6,6,6,69,69,0
safe.,6,6,6,6,65,65,0
xn--fct429k.,6,6,6,6,69,69,0
tokyo.,6,6,6,6,48,48,0
hk.,8,8,8,2,59,59,6
firmdale.,2,2,2,2,48,48,0
domains.,4,4,4,4,34,34,0
norton.,4,4,4,4,22,22,0
lidl.,4,4,4,1,10,5,2
youtube.,5,5,5,5,26,26,0
coop.,4,4,4,4,29,29,0
cf.,4,4,4,4,26,26,0
dhl.,4,4,4,1,10,5,2
sap.,4,4,4,2,18,9,0
lv.,5,5,5,1,22,22,4
bd.,4,4,4,1,35,35,3
lplfinancial.,4,4,4,1,10,5,2
play.,5,5,5,5,26,26,0
fujitsu.,4,4,4,4,34,34,0
bradesco.,8,8,8,8,50,50,0
homes.,4,4,4,4,32,32,0
ally.,4,4,4,4,35,35,0
eco.,4,4,4,4,34,34,0
pf.,2,2,2,0,0,0,2
nfl.,6,6,6,6,65,65,0
amsterdam.,5,5,5,0,0,0,5
dentist.,4,4,4,4,34,34,0
xn--q9jyb4c.,5,5,5,5,26,26,0
living.,4,4,4,4,22,22,0
xn--gckr3f0f.,6,6,6,6,69,69,0
nationwide.,4,4,4,4,22,22,0
box.,4,4,4,4,34,34,0
osaka.,6,6,6,6,65,65,0
name.,4,4,4,4,23,23,0
moto.,6,6,6,6,69,69,0
ba.,7,7,7,2,45,45,5
sg.,5,5,5,3,62,62,2
vip.,8,8,8,8,50,50,0
red.,4,4,4,4,35,35,0
oldnavy.,6,6,6,6,65,65,0
us.,6,6,6,6,52,52,0
ice.,4,4,4,4,22,22,0
ch.,8,8,8,4,89,87,3
xn--54b7fta0cc.,3,3,3,1,35,35,2
km.,3,3,3,0,0,0,3
hoteles.,6,6,6,6,69,69,0
msd.,4,4,4,4,22,22,0
np.,7,7,7,1,35,35,6
fit.,8,8,8,8,50,50,0
aero.,6,6,6,6,44,44,0
fiat.,4,4,4,4,33,33,0
xn--fhbei.,4,4,4,4,22,22,0
crs.,4,4,4,4,22,22,0
xin.,4,4,4,4,36,36,0
cologne.,4,4,4,2,18,9,0
bridgestone.,4,4,4,4,34,34,0
nowtv.,4,4,4,4,36,36,0
bcn.,4,4,4,2,18,9,0
abc.,4,4,4,4,22,22,0
nexus.,5,5,5,5,26,26,0
xn--xkc2dl3a5ee0h.,8,8,8,6,46,46,2
xn--mgbi4ecexp.,4,4,4,4,34,34,0
link.,4,4,4,4,23,23,0
wme.,4,4,4,4,29,29,0
kia.,4,4,4,4,34,34,0
af.,3,3,3,3,50,50,0
frontier.,6,6,6,6,65,65,0
chanel.,4,4,4,4,22,22,0
si.,7,7,7,5,95,95,2
luxe.,8,8,8,8,50,50,0
jetzt.,4,4,4,4,34,34,0
wow.,6,6,6,6,69,69,0
orange.,4,4,4,4,22,22,0
xn--vermgensberatung-pwb.,4,4,4,2,96,48,0
rmit.,4,4,4,4,34,34,0
abbvie.,4,4,4,4,35,35,0
world.,4,4,4,4,34,34,0
swatch.,4,4,4,4,22,22,0
kp.,2,2,2,0,0,0,2
mov.,5,5,5,5,26,26,0
direct.,4,4,4,4,34,34,0
maif.,4,4,4,4,22,22,0
fedex.,4,4,4,4,35,35,0
gle.,5,5,5,5,26,26,0
eu.,7,7,7,3,38,38,4
xn--t60b56a.,4,4,4,4,22,22,0
technology.,4,4,4,4,34,34,0
degree.,4,4,4,4,34,34,0
xn--kput3i.,4,4,4,4,34,34,0
csc.,4,4,4,4,22,22,0
by.,7,7,7,0,0,0,7
immobilien.,4,4,4,4,34,34,0
ventures.,4,4,4,4,34,34,0
ec.,4,4,4,2,39,39,2
wine.,4,4,4,4,34,34,0
bw.,5,5,5,1,35,35,4
praxi.,6,6,6,6,65,65,0
xn--node.,5,5,5,5,61,61,0
xn--mgbca7dzdo.,4,4,4,4,34,34,0
vegas.,4,4,4,4,36,36,0
lt.,6,6,6,2,25,25,4
fly.,5,5,5,5,26,26,0
book.,6,6,6,6,65,65,0
ceb.,4,4,4,4,35,35,0
telecity.,8,8,8,8,50,50,0
godaddy.,4,4,4,4,33,33,0
studio.,4,4,4,4,34,34,0
support.,4,4,4,4,34,34,0
meme.,5,5,5,5,26,26,0
tennis.,4,4,4,4,34,34,0
re.,5,5,5,3,66,66,2
ipiranga.,6,6,6,6,65,65,0
cw.,5,5,5,0,0,0,5
xn--vermgensberater-ctb.,4,4,4,2,96,48,0
rs.,7,7,7,3,63,63,4
stc.,4,4,4,4,29,29,0
dm.,4,4,4,1,22,22,3
gea.,4,4,4,4,35,35,0
cy.,8,8,8,2,39,39,6
swiss.,4,4,4,2,18,9,0
haus.,4,4,4,4,34,34,0
be.,6,6,6,2,29,29,4
love.,4,4,4,4,29,29,0
warman.,4,4,4,4,22,22,0
top.,9,9,9,2,9,6,6
xn--pgbs0dh.,6,6,6,1,35,35,5
data.,4,4,4,4,35,35,0
baby.,6,6,6,6,65,65,0
investments.,4,4,4,4,34,34,0
pg.,5,5,5,0,0,0,5
softbank.,4,4,4,4,34,34,0
realtor.,4,4,4,4,22,22,0
florist.,4,4,4,4,34,34,0
chase.,6,6,6,6,65,65,0
aigo.,4,4,4,4,32,32,0
gmbh.,4,4,4,4,34,34,0
bargains.,4,4,4,4,34,34,0
guru.,4,4,4,4,34,34,0
afl.,4,4,4,4,34,34,0
bananarepublic.,6,6,6,6,65,65,0
mckinsey.,4,4,4,4,33,33,0
accountant.,6,6,6,6,65,65,0
aw.,7,7,7,0,0,0,7
py.,6,6,6,2,37,37,4
cards.,4,4,4,4,34,34,0
fj.,6,6,6,0,0,0,6
ck.,4,4,4,0,0,0,4
locus.,8,8,8,8,50,50,0
xn--fiq228c5hs.,4,4,4,3,9,9,1
business.,4,4,4,4,34,34,0
statebank.,4,4,4,4,35,35,0
tab.,4,4,4,4,34,34,0
olayangroup.,4,4,4,4,34,34,0
ist.,4,4,4,4,33,33,0
xn--rhqv96g.,6,6,6,6,65,65,0
game.,4,4,4,4,23,23,0
komatsu.,4,4,4,4,34,34,0
sexy.,4,4,4,4,23,23,0
quest.,4,4,4,4,34,34,0
lease.,4,4,4,4,34,34,0
abb.,4,4,4,4,22,22,0
exchange.,4,4,4,4,34,34,0
docs.,5,5,5,5,26,26,0
mg.,6,6,6,2,15,15,4
one.,4,4,4,4,34,34,0
lamborghini.,4,4,4,4,36,36,0
brussels.,5,5,5,1,6,6,4
cruises.,4,4,4,4,34,34,0
xn--fjq720a.,4,4,4,4,34,34,0
gb.,3,3,3,0,0,0,3
golf.,4,4,4,4,34,34,0
team.,4,4,4,4,34,34,0
deloitte.,4,4,4,1,10,5,2
clubmed.,4,4,4,4,22,22,0
sh.,7,7,7,4,58,58,3
ae.,5,5,5,2,41,41,3
boutique.,4,4,4,4,34,34,0
honda.,4,4,4,4,34,34,0
sz.,3,3,3,0,0,0,3
democrat.,4,4,4,4,34,34,0
bike.,4,4,4,4,34,34,0
quebec.,4,4,4,2,18,9,0
broadway.,8,8,8,8,50,50,0
va.,6,6,6,0,0,0,6
codes.,4,4,4,4,34,34,0
latino.,4,4,4,4,34,34,0
pfizer.,6,6,6,6,65,65,0
surf.,8,8,8,8,50,50,0
ng.,4,4,4,2,57,57,2
rightathome.,4,4,4,4,22,22,0
moe.,6,6,6,6,65,65,0
okinawa.,6,6,6,6,48,48,0
mobily.,6,6,6,6,69,69,0
kfh.,4,4,4,4,29,29,0
netflix.,6,6,6,6,65,65,0
jo.,5,5,5,0,0,0,5
study.,4,4,4,4,34,34,0
xn--mgberp4a5d4ar.,5,5,5,1,35,35,4
stream.,6,6,6,6,69,69,0
institute.,4,4,4,4,34,34,0
xn--kpry57d.,6,6,6,1,3,3,5
yachts.,4,4,4,4,32,32,0
aeg.,4,4,4,4,22,22,0
design.,4,4,4,4,29,29,0
et.,4,4,4,0,0,0,4
tl.,3,3,3,3,50,50,0
lotte.,4,4,4,4,34,34,0
immo.,4,4,4,4,34,34,0
ups.,4,4,4,4,35,35,0
jio.,4,4,4,4,34,34,0
vana.,4,4,4,4,22,22,0
bt.,7,7,7,1,35,35,6
xn--pssy2u.,4,4,4,4,22,22,0
xn--mgb9awbf.,6,6,6,4,34,34,2
discount.,4,4,4,4,34,34,0
fyi.,4,4,4,4,34,34,0
canon.,4,4,4,4,34,34,0
joy.,6,6,6,6,65,65,0
nf.,3,3,3,3,50,50,0
xn--unup4y.,4,4,4,4,34,34,0
lu.,6,6,6,4,90,90,2
fujixerox.,4,4,4,4,22,22,0
nike.,6,6,6,6,65,65,0
hm.,3,3,3,0,0,0,3
lacaixa.,4,4,4,2,18,9,0
travelers.,4,4,4,4,31,31,0
cv.,6,6,6,1,4,4,5
rich.,4,4,4,4,37,37,0
xn--80aswg.,4,4,4,2,18,9,0
xn--55qx5d.,5,5,5,4,13,13,1
icu.,4,4,4,4,34,34,0
cx.,3,3,3,3,50,50,0
bb.,2,2,2,0,0,0,2
uconnect.,4,4,4,4,33,33,0
saarland.,4,4,4,2,96,48,0
ph.,5,5,5,3,56,56,2
io.,7,7,7,4,58,58,3
mz.,6,6,6,1,35,35,5
audi.,4,4,4,4,36,36,0
archi.,4,4,4,4,35,35,0
rip.,4,4,4,4,34,34,0
toys.,4,4,4,4,34,34,0
auspost.,4,4,4,4,34,34,0
fk.,4,4,4,0,0,0,4
fox.,6,6,6,6,65,65,0
xn--3ds443g.,4,4,4,3,9,9,1
cern.,4,4,4,4,33,33,0
xn--45q11c.,9,9,9,2,9,6,6
cfd.,4,4,4,4,22,22,0
diet.,4,4,4,4,23,23,0
tt.,4,4,4,2,39,39,2
lancome.,4,4,4,4,22,22,0
luxury.,4,4,4,4,34,34,0
mh.,2,2,2,0,0,0,2
work.,8,8,8,8,50,50,0
shoes.,4,4,4,4,34,34,0
host.,4,4,4,4,29,29,0
aws.,6,6,6,6,65,65,0
foodnetwork.,4,4,4,4,22,22,0
kerrylogistics.,4,4,4,4,22,22,0
nokia.,4,4,4,4,35,35,0
xn--1ck2e1b.,6,6,6,6,69,69,0
lancia.,4,4,4,4,33,33,0
room.,6,6,6,6,65,65,0
lincoln.,6,6,6,6,65,65,0
seat.,4,4,4,2,18,9,0
tc.,8,8,8,0,0,0,8
store.,4,4,4,4,29,29,0
sandvik.,4,4,4,4,34,34,0
chrysler.,4,4,4,4,33,33,0
delta.,4,4,4,4,33,33,0
gm.,3,3,3,0,0,0,3
nissan.,4,4,4,4,34,34,0
jcb.,4,4,4,4,34,34,0
ad.,6,6,6,0,0,0,6
sk.,4,4,4,1,4,4,3
loan.,6,6,6,6,65,65,0
zip.,5,5,5,5,26,26,0
ford.,6,6,6,6,65,65,0
walter.,4,4,4,4,34,34,0
xn--p1acf.,4,4,4,4,61,61,0
mit.,4,4,4,4,33,33,0
xn--mxtq1m.,4,4,4,0,0,0,4
kred.,6,6,6,6,65,65,0
jcp.,4,4,4,4,34,34,0
xn--yfro4i67o.,5,5,5,3,62,62,2
sbi.,4,4,4,4,35,35,0
frontdoor.,4,4,4,4,22,22,0
bofa.,4,4,4,4,22,22,0
epson.,4,4,4,4,34,34,0
kr.,6,6,6,0,0,0,6
unicom.,6,6,6,6,65,65,0
abogado.,8,8,8,8,50,50,0
mlb.,6,6,6,6,65,65,0
now.,6,6,6,6,69,69,0
tui.,4,4,4,2,96,48,0
dvr.,4,4,4,4,33,33,0
kerryproperties.,4,4,4,4,22,22,0
es.,7,7,7,2,41,41,5
cbre.,6,6,6,6,65,65,0
tm.,7,7,7,4,58,58,3
xn--ogbpf8fl.,3,3,3,1,35,35,2
ryukyu.,6,6,6,6,48,48,0
fund.,4,4,4,4,34,34,0
insure.,4,4,4,4,34,34,0
xn--czrs0t.,4,4,4,4,34,34,0
engineering.,4,4,4,4,34,34,0
xn--8y0a063a.,6,6,6,6,65,65,0
associates.,4,4,4,4,34,34,0
airtel.,4,4,4,4,22,22,0
place.,4,4,4,4,34,34,0
dental.,4,4,4,4,34,34,0
smart.,4,4,4,2,15,15,2
flickr.,6,6,6,6,65,65,0
xn--11b4c3d.,4,4,4,4,22,22,0
goog.,5,5,5,5,26,26,0
rocher.,6,6,6,6,65,65,0
app.,5,5,5,5,26,26,0
aol.,4,4,4,4,22,22,0
spot.,6,6,6,6,69,69,0
xn--kcrx77d1x4a.,4,4,4,4,34,34,0
nyc.,6,6,6,6,65,65,0
ceo.,6,6,6,6,65,65,0
edeka.,4,4,4,4,32,32,0
dunlop.,4,4,4,4,37,37,0
garden.,8,8,8,8,50,50,0
xn--90a3ac.,6,6,6,3,63,63,3
nowruz.,4,4,4,4,61,61,0
helsinki.,4,4,4,4,35,35,0
hn.,3,3,3,2,39,39,1
vacations.,4,4,4,4,34,34,0
blog.,8,8,8,8,50,50,0
williamhill.,6,6,6,6,65,65,0
sas.,6,6,6,6,69,69,0
thd.,4,4,4,4,35,35,0
ftr.,6,6,6,6,65,65,0
in.,7,7,7,5,40,40,2
toray.,4,4,4,4,34,34,0
global.,4,4,4,4,35,35,0
my.,7,7,7,2,26,24,4
soccer.,4,4,4,4,34,34,0
click.,4,4,4,4,23,23,0
omega.,4,4,4,4,22,22,0
coffee.,4,4,4,4,34,34,0
compare.,4,4,4,4,34,34,0
jeep.,4,4,4,4,33,33,0
xerox.,4,4,4,4,22,22,0
boo.,5,5,5,5,26,26,0
axa.,6,6,6,6,65,65,0
news.,4,4,4,4,34,34,0
